Name,Age,Unnamed: 2,B,T,Ht,Wt,DoB,Yrs,G,GS,Batting,Defense,P,C,1B,2B,3B,SS,LF,CF,RF,OF,DH,PH,PR,WAR,Salary,Unnamed: 28,Name-additional
Pete Alonso,25.0,us US,R,R,"6' 3""",245.0,Dec 7 1994,2,57.0,55.0,57.0,39.0,0.0,0.0,39.0,0.0,0.0,0.0,0.0,0.0,0.0,0.0,17.0,2.0,0.0,0.2,,,alonspe01
Dellin Betances,32.0,us US,R,R,"6' 8""",265.0,Mar 23 1988,9,15.0,0.0,0.0,15.0,15.0,0.0,0.0,0.0,0.0,0.0,0.0,0.0,0.0,0.0,0.0,0.0,0.0,-0.2,"$7,500,000 ",,betande01
Brad Brach,34.0,us US,R,R,"6' 6""",215.0,Apr 12 1986,10,14.0,0.0,0.0,14.0,14.0,0.0,0.0,0.0,0.0,0.0,0.0,0.0,0.0,0.0,0.0,0.0,0.0,0.0,"$850,000 ",,brachbr01
Robinson Canó,37.0,do DO,L,R,"6' 0""",228.0,Oct 22 1982,16,49.0,46.0,49.0,34.0,0.0,0.0,0.0,34.0,0.0,0.0,0.0,0.0,0.0,0.0,13.0,3.0,0.0,1.1,"$24,000,000 ",,canoro01
Miguel Castro,25.0,do DO,R,R,"6' 7""",201.0,Dec 24 1994,6,10.0,0.0,0.0,10.0,10.0,0.0,0.0,0.0,0.0,0.0,0.0,0.0,0.0,0.0,0.0,0.0,0.0,0.1,,,castrmi01
Yoenis Céspedes,34.0,cu CU,R,R,"5' 11""",225.0,Oct 18 1985,8,8.0,8.0,8.0,0.0,0.0,0.0,0.0,0.0,0.0,0.0,0.0,0.0,0.0,0.0,8.0,0.0,0.0,-0.1,"$6,000,000 ",,cespeyo01
Robinson Chirinos,36.0,ve VE,R,R,"6' 1""",220.0,Jun 5 1984,9,12.0,10.0,12.0,12.0,0.0,12.0,0.0,0.0,0.0,0.0,0.0,0.0,0.0,0.0,0.0,0.0,0.0,-0.1,,,chiriro01
Michael Conforto,27.0,us US,L,R,"6' 1""",215.0,Mar 1 1993,6,54.0,53.0,54.0,52.0,0.0,0.0,0.0,0.0,0.0,0.0,0.0,0.0,52.0,52.0,1.0,1.0,0.0,2.1,"$8,000,000 ",,confomi01
Ryan Cordell,28.0,us US,R,R,"6' 4""",200.0,Mar 31 1992,3,5.0,2.0,5.0,5.0,0.0,0.0,0.0,0.0,0.0,0.0,0.0,4.0,1.0,5.0,0.0,0.0,1.0,-0.1,,,cordery01
J.D. Davis,27.0,us US,R,R,"6' 3""",218.0,Apr 27 1993,4,56.0,52.0,56.0,42.0,0.0,0.0,0.0,0.0,34.0,0.0,8.0,0.0,0.0,8.0,13.0,4.0,0.0,0.1,,,davisjd01
Jacob deGrom,32.0,us US,L,R,"6' 4""",180.0,Jun 19 1988,7,12.0,12.0,0.0,12.0,12.0,0.0,0.0,0.0,0.0,0.0,0.0,0.0,0.0,0.0,0.0,0.0,0.0,2.6,"$25,000,000 ",,degroja01
Edwin Díaz,26.0,pr PR,R,R,"6' 3""",207.0,Mar 22 1994,5,26.0,0.0,0.0,26.0,26.0,0.0,0.0,0.0,0.0,0.0,0.0,0.0,0.0,0.0,0.0,0.0,0.0,1.4,"$5,100,000 ",,diazed04
Brian Dozier,33.0,us US,R,R,"5' 11""",200.0,May 15 1987,9,7.0,4.0,7.0,5.0,0.0,0.0,0.0,5.0,0.0,0.0,0.0,0.0,0.0,0.0,1.0,1.0,0.0,-0.4,,,doziebr01
Jeurys Familia,30.0,do DO,R,R,"6' 3""",240.0,Oct 10 1989,9,25.0,0.0,0.0,25.0,25.0,0.0,0.0,0.0,0.0,0.0,0.0,0.0,0.0,0.0,0.0,0.0,0.0,0.6,"$11,666,667 ",,familje01
Todd Frazier,34.0,us US,R,R,"6' 3""",215.0,Feb 12 1986,10,14.0,12.0,14.0,14.0,1.0,0.0,0.0,0.0,14.0,0.0,0.0,0.0,0.0,0.0,0.0,0.0,0.0,0.2,,,frazito01
Andrés Giménez,21.0,ve VE,L,R,"5' 11""",161.0,Sep 4 1998,1st,49.0,29.0,49.0,45.0,0.0,0.0,0.0,19.0,10.0,23.0,0.0,0.0,0.0,0.0,0.0,4.0,5.0,1.0,,,gimenan01
Robert Gsellman,26.0,us US,R,R,"6' 4""",200.0,Jul 18 1993,5,6.0,4.0,0.0,6.0,6.0,0.0,0.0,0.0,0.0,0.0,0.0,0.0,0.0,0.0,0.0,0.0,0.0,-0.5,"$1,225,000 ",,gsellro01
Luis Guillorme,25.0,ve VE,L,R,"5' 10""",190.0,Sep 27 1994,3,30.0,15.0,29.0,23.0,1.0,0.0,0.0,17.0,4.0,3.0,0.0,0.0,0.0,0.0,0.0,7.0,1.0,0.7,,,guilllu01
Billy Hamilton,29.0,us US,B,R,"6' 0""",160.0,Sep 9 1990,8,17.0,5.0,17.0,13.0,0.0,0.0,0.0,0.0,0.0,0.0,0.0,13.0,0.0,13.0,1.0,1.0,6.0,-0.1,,,hamilbi02
Guillermo Heredia,29.0,cu CU,R,L,"5' 10""",195.0,Jan 31 1991,5,7.0,5.0,7.0,7.0,0.0,0.0,0.0,0.0,0.0,0.0,0.0,7.0,0.0,7.0,0.0,1.0,1.0,0.1,,,heredgu01
Jared Hughes,34.0,us US,R,R,"6' 7""",240.0,Jul 4 1985,10,18.0,0.0,0.0,18.0,18.0,0.0,0.0,0.0,0.0,0.0,0.0,0.0,0.0,0.0,0.0,0.0,0.0,-0.2,,,hugheja02
Ariel Jurado,24.0,pa PA,R,R,"6' 2""",240.0,Jan 30 1996,3,1.0,1.0,0.0,1.0,1.0,0.0,0.0,0.0,0.0,0.0,0.0,0.0,0.0,0.0,0.0,0.0,0.0,-0.2,,,juradar01
Franklyn Kilome,25.0,do DO,R,R,"6' 6""",175.0,Jun 25 1995,1st,4.0,0.0,0.0,4.0,4.0,0.0,0.0,0.0,0.0,0.0,0.0,0.0,0.0,0.0,0.0,0.0,0.0,-0.3,,,kilomfr01
Juan Lagares,31.0,do DO,R,R,"6' 2""",219.0,Mar 17 1989,8,2.0,0.0,2.0,2.0,0.0,0.0,0.0,0.0,0.0,0.0,0.0,2.0,0.0,2.0,0.0,0.0,1.0,0.1,,,lagarju01
Walker Lockett,26.0,us US,R,R,"6' 5""",225.0,May 3 1994,3,2.0,1.0,0.0,2.0,2.0,0.0,0.0,0.0,0.0,0.0,0.0,0.0,0.0,0.0,0.0,0.0,0.0,0.1,,,lockewa01
Seth Lugo,30.0,us US,R,R,"6' 4""",225.0,Nov 17 1989,5,16.0,7.0,0.0,16.0,16.0,0.0,0.0,0.0,0.0,0.0,0.0,0.0,0.0,0.0,0.0,0.0,0.0,0.3,"$2,000,000 ",,lugose01
Jake Marisnick,29.0,us US,R,R,"6' 4""",220.0,Mar 30 1991,8,16.0,8.0,16.0,16.0,0.0,0.0,0.0,0.0,0.0,0.0,0.0,16.0,0.0,16.0,0.0,0.0,1.0,0.2,"$3,312,000 ",,marisja01
Steven Matz,29.0,us US,R,L,"6' 2""",201.0,May 29 1991,6,9.0,6.0,0.0,9.0,9.0,0.0,0.0,0.0,0.0,0.0,0.0,0.0,0.0,0.0,0.0,0.0,0.0,-1.0,"$5,000,000 ",,matzst01
Jeff McNeil,28.0,us US,L,R,"6' 1""",195.0,Apr 8 1992,3,52.0,50.0,52.0,48.0,0.0,0.0,0.0,12.0,9.0,0.0,28.0,0.0,4.0,30.0,2.0,2.0,0.0,1.5,,,mcneije01
Tomás Nido,26.0,pr PR,R,R,"6' 0""",211.0,Apr 12 1994,4,7.0,7.0,7.0,7.0,0.0,7.0,0.0,0.0,0.0,0.0,0.0,0.0,0.0,0.0,0.0,0.0,0.0,0.2,,,nidoto01
Brandon Nimmo,27.0,us US,L,R,"6' 3""",206.0,Mar 27 1993,5,55.0,50.0,55.0,55.0,0.0,0.0,0.0,0.0,0.0,0.0,22.0,44.0,10.0,55.0,0.0,1.0,1.0,1.8,"$2,175,000 ",,nimmobr01
Eduardo Núñez,33.0,do DO,R,R,"6' 0""",195.0,Jun 15 1987,11,2.0,0.0,2.0,1.0,0.0,0.0,0.0,0.0,0.0,0.0,0.0,0.0,1.0,1.0,1.0,0.0,1.0,0.0,"$100,000 ",,nunezed02
Corey Oswalt,26.0,us US,R,R,"6' 5""",250.0,Sep 3 1993,3,4.0,1.0,0.0,4.0,4.0,0.0,0.0,0.0,0.0,0.0,0.0,0.0,0.0,0.0,0.0,0.0,0.0,0.1,,,oswalco01
David Peterson,24.0,us US,L,L,"6' 6""",240.0,Sep 3 1995,1st,10.0,9.0,0.0,10.0,10.0,0.0,0.0,0.0,0.0,0.0,0.0,0.0,0.0,0.0,0.0,0.0,0.0,1.6,,,peterda01
Rick Porcello,31.0,us US,R,R,"6' 5""",205.0,Dec 27 1988,12,12.0,12.0,0.0,12.0,12.0,0.0,0.0,0.0,0.0,0.0,0.0,0.0,0.0,0.0,0.0,0.0,0.0,0.2,"$10,000,000 ",,porceri01
Erasmo Ramírez,30.0,ni NI,R,R,"6' 0""",220.0,May 2 1990,9,6.0,0.0,0.0,6.0,6.0,0.0,0.0,0.0,0.0,0.0,0.0,0.0,0.0,0.0,0.0,0.0,0.0,0.8,,,ramirer02
Wilson Ramos,32.0,ve VE,R,R,"6' 1""",241.0,Aug 10 1987,11,45.0,39.0,45.0,41.0,0.0,41.0,0.0,0.0,0.0,0.0,0.0,0.0,0.0,0.0,1.0,4.0,0.0,0.3,"$10,250,000 ",,ramoswi01
René Rivera,36.0,pr PR,R,R,"5' 10""",215.0,Jul 31 1983,12,2.0,1.0,2.0,1.0,0.0,1.0,0.0,0.0,0.0,0.0,0.0,0.0,0.0,0.0,0.0,1.0,0.0,0.1,,,riverre01
Amed Rosario,24.0,do DO,R,R,"6' 2""",190.0,Nov 20 1995,4,46.0,37.0,46.0,44.0,0.0,0.0,0.0,0.0,0.0,44.0,0.0,0.0,0.0,0.0,0.0,3.0,1.0,0.1,,,rosaram01
Ali Sánchez,23.0,ve VE,R,R,"6' 1""",200.0,Jan 20 1997,1st,5.0,4.0,5.0,5.0,0.0,5.0,0.0,0.0,0.0,0.0,0.0,0.0,0.0,0.0,0.0,0.0,0.0,-0.1,,,sanchal04
Paul Sewald,30.0,us US,R,R,"6' 3""",219.0,May 26 1990,4,5.0,0.0,0.0,5.0,5.0,0.0,0.0,0.0,0.0,0.0,0.0,0.0,0.0,0.0,0.0,0.0,0.0,-0.3,,,sewalpa01
Chasen Shreve,29.0,us US,L,L,"6' 4""",180.0,Jul 12 1990,7,17.0,0.0,0.0,17.0,17.0,0.0,0.0,0.0,0.0,0.0,0.0,0.0,0.0,0.0,0.0,0.0,0.0,0.3,"$100,000 ",,shrevch01
Dominic Smith,25.0,us US,L,L,"6' 0""",224.0,Jun 15 1995,4,50.0,48.0,50.0,44.0,0.0,0.0,25.0,0.0,0.0,0.0,23.0,0.0,0.0,23.0,5.0,2.0,0.0,2.0,,,smithdo02
Drew Smith,26.0,us US,R,R,"6' 2""",190.0,Sep 24 1993,2,8.0,0.0,0.0,8.0,8.0,0.0,0.0,0.0,0.0,0.0,0.0,0.0,0.0,0.0,0.0,0.0,0.0,-0.1,,,smithdr01
Hunter Strickland,31.0,us US,R,R,"6' 3""",225.0,Sep 24 1988,7,4.0,0.0,0.0,4.0,4.0,0.0,0.0,0.0,0.0,0.0,0.0,0.0,0.0,0.0,0.0,0.0,0.0,-0.1,,,strichu01
Michael Wacha,28.0,us US,R,R,"6' 6""",215.0,Jul 1 1991,8,8.0,7.0,0.0,8.0,8.0,0.0,0.0,0.0,0.0,0.0,0.0,0.0,0.0,0.0,0.0,0.0,0.0,-0.2,"$3,000,000 ",,wachami01
Justin Wilson,32.0,us US,L,L,"6' 2""",205.0,Aug 18 1987,9,23.0,0.0,0.0,23.0,23.0,0.0,0.0,0.0,0.0,0.0,0.0,0.0,0.0,0.0,0.0,0.0,0.0,0.2,"$5,000,000 ",,wilsoju10
Bryse Wilson,22.0,ve VE,R,R,"6' 0""",205.0,Dec 18 1997,3,46.0,46.0,46.0,46.0,0.0,0.0,0.0,0.0,0.0,0.0,0.0,34.0,28.0,46.0,0.0,0.0,0.0,2.3,"$1,000,000 ",,acunaro01
Ronald Acuna Jr.,31.0,us US,L,R,"6' 3""",263.0,Aug 31 1988,9,16.0,13.0,16.0,2.0,0.0,0.0,2.0,0.0,0.0,0.0,0.0,0.0,0.0,0.0,11.0,3.0,0.0,-0.4,,,adamsma01
Matt Adams,23.0,cw CW,B,R,"5' 8""",165.0,Jan 7 1997,4,29.0,28.0,29.0,29.0,0.0,0.0,0.0,29.0,0.0,0.0,0.0,0.0,0.0,0.0,0.0,1.0,0.0,0.7,"$1,000,000 ",,albieoz01
Ozzie Albies,22.0,us US,R,R,"6' 3""",170.0,May 2 1998,1st,6.0,6.0,0.0,6.0,6.0,0.0,0.0,0.0,0.0,0.0,0.0,0.0,0.0,0.0,0.0,0.0,0.0,1.2,,,anderia01
Ian Anderson,26.0,pa PA,B,R,"5' 11""",195.0,Dec 13 1993,4,35.0,31.0,35.0,31.0,0.0,0.0,0.0,21.0,10.0,0.0,0.0,0.0,0.0,0.0,3.0,4.0,0.0,0.1,"$1,700,000 ",,camarjo01
Johan Camargo,32.0,ve VE,R,R,"6' 3""",215.0,Jan 7 1988,12,2.0,0.0,0.0,2.0,2.0,0.0,0.0,0.0,0.0,0.0,0.0,0.0,0.0,0.0,0.0,0.0,0.0,-0.1,,,chacijh01
Jhoulys Chacín,22.0,ve VE,R,R,"5' 11""",216.0,Dec 24 1997,1st,4.0,2.0,4.0,4.0,0.0,4.0,0.0,0.0,0.0,0.0,0.0,0.0,0.0,0.0,0.0,0.0,0.0,0.1,,,contrwi02
William Contreras,31.0,us US,R,R,"6' 1""",200.0,Apr 10 1989,8,10.0,1.0,9.0,6.0,1.0,0.0,4.0,1.0,0.0,0.0,0.0,0.0,0.0,0.0,1.0,2.0,4.0,-0.1,"$100,000 ",,culbech01
Charlie Culberson,31.0,us US,R,R,"6' 2""",210.0,Feb 10 1989,8,44.0,39.0,44.0,35.0,0.0,35.0,0.0,0.0,0.0,0.0,0.0,0.0,0.0,0.0,7.0,4.0,0.0,0.8,"$8,000,000 ",,darnatr01
Travis d'Arnaud,24.0,us US,L,L,"6' 2""",215.0,Mar 25 1996,1st,1.0,1.0,0.0,1.0,1.0,0.0,0.0,0.0,0.0,0.0,0.0,0.0,0.0,0.0,0.0,0.0,0.0,-0.3,,,davidtu01
Tucker Davidson,32.0,us US,L,L,"6' 2""",210.0,Nov 25 1987,4,18.0,0.0,0.0,18.0,18.0,0.0,0.0,0.0,0.0,0.0,0.0,0.0,0.0,0.0,0.0,0.0,0.0,0.7,"$655,000 ",,daytogr01
Grant Dayton,31.0,us US,R,R,"6' 1""",233.0,Sep 4 1988,7,57.0,47.0,57.0,56.0,0.0,0.0,0.0,0.0,0.0,0.0,45.0,1.0,17.0,56.0,1.0,5.0,0.0,0.9,"$3,250,000 ",,duvalad01
Adam Duvall,29.0,us US,R,L,"5' 11""",200.0,Oct 8 1990,7,7.0,5.0,0.0,7.0,7.0,0.0,0.0,0.0,0.0,0.0,0.0,0.0,0.0,0.0,0.0,0.0,0.0,-0.5,,,erlinro01
Robbie Erlin,34.0,us US,R,R,"6' 4""",260.0,Jan 24 1986,12,22.0,22.0,22.0,22.0,0.0,22.0,0.0,0.0,0.0,0.0,0.0,0.0,0.0,0.0,0.0,0.0,0.0,0.4,"$4,000,000 ",,flowety01
Tyler Flowers,28.0,us US,R,R,"6' 4""",195.0,Oct 7 1991,7,1.0,1.0,0.0,1.0,1.0,0.0,0.0,0.0,0.0,0.0,0.0,0.0,0.0,0.0,0.0,0.0,0.0,-0.3,"$6,425,000 ",,foltymi01
Mike Foltynewicz,30.0,us US,L,R,"6' 5""",220.0,Sep 12 1989,11,60.0,58.0,60.0,58.0,0.0,0.0,58.0,0.0,0.0,0.0,0.0,0.0,0.0,0.0,2.0,2.0,0.0,3.3,"$22,000,000 ",,freemfr01
Freddie Freeman,26.0,us US,L,L,"6' 4""",190.0,Jan 18 1994,4,11.0,11.0,0.0,11.0,11.0,0.0,0.0,0.0,0.0,0.0,0.0,0.0,0.0,0.0,0.0,0.0,0.0,2.9,,,friedma01
Max Fried,31.0,us US,R,R,"6' 4""",200.0,Nov 17 1988,7,28.0,0.0,0.0,28.0,28.0,0.0,0.0,0.0,0.0,0.0,0.0,0.0,0.0,0.0,0.0,0.0,0.0,1.0,"$6,250,000 ",,greensh02
Shane Greene,36.0,us US,L,L,"6' 4""",205.0,Dec 27 1983,15,1.0,1.0,0.0,1.0,1.0,0.0,0.0,0.0,0.0,0.0,0.0,0.0,0.0,0.0,0.0,0.0,0.0,-0.1,"$18,000,000 ",,hamelco01
Cole Hamels,31.0,cu CU,R,R,"6' 0""",195.0,Apr 15 1989,9,27.0,14.0,27.0,23.0,0.0,0.0,0.0,12.0,8.0,4.0,0.0,0.0,0.0,0.0,1.0,3.0,1.0,-0.2,"$1,000,000 ",,hechaad01
Adeiny Hechavarría,29.0,ve VE,L,L,"5' 11""",190.0,Oct 29 1990,7,46.0,30.0,46.0,46.0,0.0,0.0,0.0,0.0,0.0,0.0,0.0,46.0,0.0,46.0,0.0,1.0,3.0,-0.6,"$7,700,000 ",,inciaen01
Ender Inciarte,24.0,us US,R,R,"5' 11""",238.0,Dec 25 1995,2,5.0,3.0,5.0,4.0,0.0,4.0,0.0,0.0,0.0,0.0,0.0,0.0,0.0,0.0,0.0,0.0,1.0,0.0,,,jacksal02
Alex Jackson,28.0,us US,R,R,"6' 2""",210.0,Aug 24 1991,6,19.0,0.0,0.0,19.0,19.0,0.0,0.0,0.0,0.0,0.0,0.0,0.0,0.0,0.0,0.0,0.0,0.0,-0.5,"$1,825,000 ",,jackslu01
Luke Jackson,36.0,us US,L,L,"6' 1""",210.0,Nov 17 1983,15,37.0,33.0,37.0,34.0,0.0,0.0,0.0,0.0,0.0,0.0,7.0,0.0,29.0,34.0,2.0,3.0,0.0,-0.1,"$4,000,000 ",,markani01
Nick Markakis,34.0,us US,R,R,"6' 8""",224.0,Jun 2 1986,5,19.0,0.0,0.0,18.0,19.0,0.0,0.0,0.0,0.0,0.0,0.0,0.0,0.0,0.0,0.0,0.0,0.0,1.2,"$7,000,000 ",,martich02
Chris Martin,29.0,us US,L,L,"6' 3""",230.0,Oct 19 1990,3,21.0,0.0,0.0,21.0,21.0,0.0,0.0,0.0,0.0,0.0,0.0,0.0,0.0,0.0,0.0,0.0,0.0,0.9,,,matzety01
Tyler Matzek,35.0,us US,R,R,"6' 1""",215.0,Mar 28 1985,12,23.0,0.0,1.0,23.0,23.0,0.0,0.0,0.0,0.0,0.0,0.0,0.0,0.0,0.0,0.0,0.0,0.0,1.0,,,melanma01
Mark Melancon,33.0,us US,L,L,"6' 0""",215.0,Feb 16 1987,10,3.0,3.0,0.0,3.0,3.0,0.0,0.0,0.0,0.0,0.0,0.0,0.0,0.0,0.0,0.0,0.0,0.0,-0.7,,,milonto01
Tommy Milone,26.0,us US,L,L,"6' 0""",215.0,Sep 2 1993,4,22.0,0.0,0.0,22.0,22.0,0.0,0.0,0.0,0.0,0.0,0.0,0.0,0.0,0.0,0.0,0.0,0.0,1.2,,,minteaj01
A.J. Minter,27.0,us US,L,L,"6' 5""",255.0,Jun 12 1993,4,4.0,4.0,0.0,4.0,4.0,0.0,0.0,0.0,0.0,0.0,0.0,0.0,0.0,0.0,0.0,0.0,0.0,-0.6,,,newcose01
Sean Newcomb,37.0,us US,R,R,"6' 4""",220.0,Oct 22 1982,13,19.0,0.0,0.0,19.0,19.0,0.0,0.0,0.0,0.0,0.0,0.0,0.0,0.0,0.0,0.0,0.0,0.0,0.7,"$2,250,000 ",,odayda01
Darren O'Day,29.0,do DO,R,R,"6' 1""",225.0,Nov 12 1990,8,60.0,60.0,60.0,21.0,0.0,0.0,0.0,0.0,0.0,0.0,19.0,0.0,2.0,21.0,39.0,0.0,0.0,2.6,"$18,000,000 ",,ozunama01
Marcell Ozuna,21.0,do DO,R,R,"6' 2""",215.0,Nov 19 1998,1st,2.0,1.0,2.0,2.0,0.0,0.0,0.0,0.0,0.0,0.0,2.0,0.0,0.0,2.0,0.0,0.0,0.0,-0.1,,,pachecr01
Cristian Pache,23.0,us US,R,R,"6' 3""",240.0,Apr 2 1997,2,51.0,51.0,51.0,51.0,0.0,0.0,4.0,0.0,46.0,0.0,4.0,0.0,0.0,4.0,0.0,0.0,0.0,-0.6,,,rileyau01
Austin Riley,33.0,us US,L,L,"6' 2""",200.0,Oct 22 1986,9,1.0,0.0,0.0,1.0,1.0,0.0,0.0,0.0,0.0,0.0,0.0,0.0,0.0,0.0,0.0,0.0,0.0,-0.1,,,rusinch01
Chris Rusin,33.0,ve VE,B,R,"5' 10""",268.0,Aug 11 1986,13,1.0,1.0,1.0,1.0,0.0,0.0,0.0,0.0,1.0,0.0,0.0,0.0,0.0,0.0,0.0,0.0,0.0,0.0,,,sandopa01
Pablo Sandoval,29.0,us US,L,R,"6' 1""",228.0,Oct 6 1990,6,1.0,0.0,1.0,1.0,0.0,0.0,0.0,0.0,0.0,0.0,0.0,0.0,1.0,1.0,0.0,1.0,0.0,0.0,,,schebsc01
Scott Schebler,30.0,us US,R,L,"6' 5""",255.0,Jul 10 1989,8,18.0,0.0,0.0,18.0,18.0,0.0,0.0,0.0,0.0,0.0,0.0,0.0,0.0,0.0,0.0,0.0,0.0,0.2,"$13,000,000 ",,smithwi04
Will Smith,26.0,us US,R,R,"6' 7""",225.0,Jul 10 1993,3,4.0,0.0,0.0,4.0,4.0,0.0,0.0,0.0,0.0,0.0,0.0,0.0,0.0,0.0,0.0,0.0,0.0,-0.1,,,sobotch01
Chad Sobotka,22.0,ca CA,R,R,"6' 5""",225.0,Aug 4 1997,3,3.0,3.0,0.0,3.0,3.0,0.0,0.0,0.0,0.0,0.0,0.0,0.0,0.0,0.0,0.0,0.0,0.0,0.3,,,sorokmi01
Michael Soroka,26.0,us US,R,R,"6' 1""",190.0,Feb 11 1994,5,60.0,60.0,60.0,60.0,0.0,0.0,0.0,0.0,0.0,60.0,0.0,0.0,0.0,0.0,0.0,0.0,0.0,2.8,"$3,150,000 ",,swansda01
Dansby Swanson,35.0,us US,R,R,"6' 1""",190.0,Oct 19 1984,11,17.0,5.0,0.0,17.0,17.0,0.0,0.0,0.0,0.0,0.0,0.0,0.0,0.0,0.0,0.0,0.0,0.0,0.5,"$100,000 ",,tomlijo01
Josh Tomlin,24.0,us US,R,R,"6' 3""",215.0,Jun 20 1996,3,7.0,5.0,0.0,7.0,7.0,0.0,0.0,0.0,0.0,0.0,0.0,0.0,0.0,0.0,0.0,0.0,0.0,-0.8,,,toussto01
Touki Toussaint,26.0,us US,R,R,"6' 2""",210.0,Aug 15 1993,2,8.0,0.0,0.0,8.0,8.0,0.0,0.0,0.0,0.0,0.0,0.0,0.0,0.0,0.0,0.0,0.0,0.0,0.2,,,webbja01
Jacob Webb,25.0,us US,R,R,"6' 6""",240.0,Jul 8 1994,1st,1.0,0.0,0.0,1.0,1.0,0.0,0.0,0.0,0.0,0.0,0.0,0.0,0.0,0.0,0.0,0.0,0.0,-0.1,,,weigepa01
Patrick Weigel,22.0,us US,R,R,"6' 2""",267.0,Dec 20 1997,3,6.0,2.0,0.0,6.0,6.0,0.0,0.0,0.0,0.0,0.0,0.0,0.0,0.0,0.0,0.0,0.0,0.0,0.3,,,wilsobr02
Bryse Wilson,24.0,us US,R,R,"6' 4""",215.0,Oct 2 1995,3,8.0,8.0,0.0,8.0,8.0,0.0,0.0,0.0,0.0,0.0,0.0,0.0,0.0,0.0,0.0,0.0,0.0,0.2,,,wrighky01
Kyle Wright,22.0,do DO,R,R,"6' 2""",220.0,May 28 1998,2,9.0,5.0,0.0,9.0,9.0,0.0,0.0,0.0,0.0,0.0,0.0,0.0,0.0,0.0,0.0,0.0,0.0,0.1,,,ynoahu01
Huascar Ynoa,,,,,,,,,,,,,,,,,,,,,,,,,,,,,
José Álvarez,31.0,ve VE,L,L,"5' 11""",195.0,May 6 1989,8,8.0,0.0,0.0,8.0,8.0,0.0,0.0,0.0,0.0,0.0,0.0,0.0,0.0,0.0,0.0,0.0,0.0,0.3,"$2,950,000 ",,alvarjo02
Jake Arrieta,34.0,us US,R,R,"6' 4""",230.0,Mar 6 1986,11,9.0,9.0,0.0,9.0,9.0,0.0,0.0,0.0,0.0,0.0,0.0,0.0,0.0,0.0,0.0,0.0,0.0,0.8,"$20,000,000 ",,arrieja01
Alec Bohm,23.0,us US,R,R,"6' 5""",218.0,Aug 3 1996,1st,44.0,44.0,44.0,43.0,0.0,0.0,7.0,0.0,38.0,0.0,0.0,0.0,0.0,0.0,1.0,0.0,0.0,0.8,,,bohmal01
Connor Brogdon,25.0,us US,R,R,"6' 6""",205.0,Jan 29 1995,1st,9.0,0.0,0.0,9.0,9.0,0.0,0.0,0.0,0.0,0.0,0.0,0.0,0.0,0.0,0.0,0.0,0.0,0.2,,,brogdco01
Jay Bruce,33.0,us US,L,L,"6' 3""",230.0,Apr 3 1987,13,32.0,24.0,32.0,19.0,0.0,0.0,2.0,0.0,0.0,0.0,11.0,0.0,6.0,17.0,10.0,8.0,0.0,0.2,,,bruceja01
Garrett Cleavinger,26.0,us US,R,L,"6' 1""",220.0,Apr 23 1994,1st,1.0,0.0,0.0,1.0,1.0,0.0,0.0,0.0,0.0,0.0,0.0,0.0,0.0,0.0,0.0,0.0,0.0,0.0,,,cleavga01
Austin Davis,27.0,us US,L,L,"6' 4""",235.0,Feb 3 1993,3,4.0,0.0,1.0,4.0,4.0,0.0,0.0,0.0,0.0,0.0,0.0,0.0,0.0,0.0,0.0,0.0,0.0,-0.2,,,davisau01
Zach Eflin,26.0,us US,R,R,"6' 6""",220.0,Apr 8 1994,5,11.0,10.0,0.0,11.0,11.0,0.0,0.0,0.0,0.0,0.0,0.0,0.0,0.0,0.0,0.0,0.0,0.0,1.7,"$2,625,000 ",,eflinza01
Kyle Garlick,28.0,us US,R,R,"6' 1""",210.0,Jan 26 1992,2,12.0,8.0,12.0,10.0,0.0,0.0,0.0,0.0,0.0,0.0,5.0,0.0,5.0,10.0,1.0,2.0,0.0,-0.4,,,garliky01
Phil Gosselin,31.0,us US,R,R,"6' 1""",188.0,Oct 3 1988,8,39.0,28.0,39.0,25.0,0.0,0.0,8.0,4.0,2.0,0.0,7.0,0.0,7.0,14.0,11.0,8.0,1.0,0.0,,,gosseph01
Didi Gregorius,30.0,nl NL,L,R,"6' 3""",205.0,Feb 18 1990,9,60.0,56.0,60.0,59.0,0.0,0.0,0.0,0.0,0.0,59.0,0.0,0.0,0.0,0.0,0.0,3.0,0.0,1.2,"$14,000,000 ",,gregodi01
Deolis Guerra,31.0,ve VE,R,R,"6' 5""",245.0,Apr 17 1989,5,9.0,0.0,0.0,9.0,9.0,0.0,0.0,0.0,0.0,0.0,0.0,0.0,0.0,0.0,0.0,0.0,0.0,-0.3,,,guerrde01
David Hale,32.0,us US,R,R,"6' 2""",210.0,Sep 27 1987,7,6.0,2.0,0.0,6.0,6.0,0.0,0.0,0.0,0.0,0.0,0.0,0.0,0.0,0.0,0.0,0.0,0.0,0.3,,,haleda02
Bryce Harper,27.0,us US,L,R,"6' 3""",210.0,Oct 16 1992,9,58.0,58.0,58.0,48.0,0.0,0.0,0.0,0.0,0.0,0.0,0.0,3.0,48.0,48.0,10.0,0.0,0.0,2.0,"$27,538,461 ",,harpebr03
Adam Haseley,24.0,us US,L,L,"6' 1""",190.0,Apr 12 1996,2,40.0,23.0,40.0,39.0,0.0,0.0,0.0,0.0,0.0,0.0,11.0,24.0,9.0,39.0,0.0,5.0,1.0,0.0,,,haselad01
Heath Hembree,31.0,us US,R,R,"6' 4""",220.0,Jan 13 1989,8,11.0,0.0,0.0,11.0,11.0,0.0,0.0,0.0,0.0,0.0,0.0,0.0,0.0,0.0,0.0,0.0,0.0,-0.6,,,hembrhe01
Rhys Hoskins,27.0,us US,R,R,"6' 4""",245.0,Mar 17 1993,4,41.0,41.0,41.0,40.0,0.0,0.0,40.0,0.0,0.0,0.0,0.0,0.0,0.0,0.0,1.0,0.0,0.0,0.9,,,hoskirh01
Spencer Howard,23.0,us US,R,R,"6' 3""",210.0,Jul 28 1996,1st,6.0,6.0,0.0,6.0,6.0,0.0,0.0,0.0,0.0,0.0,0.0,0.0,0.0,0.0,0.0,0.0,0.0,0.1,,,howarsp01
Tommy Hunter,33.0,us US,R,R,"6' 3""",250.0,Jul 3 1986,13,24.0,0.0,0.0,24.0,24.0,0.0,0.0,0.0,0.0,0.0,0.0,0.0,0.0,0.0,0.0,0.0,0.0,0.6,"$100,000 ",,hunteto02
Cole Irvin,26.0,us US,L,L,"6' 4""",225.0,Jan 31 1994,2,3.0,0.0,0.0,3.0,3.0,0.0,0.0,0.0,0.0,0.0,0.0,0.0,0.0,0.0,0.0,0.0,0.0,-0.3,,,irvinco01
Trevor Kelley,27.0,us US,R,R,"6' 2""",210.0,Oct 20 1992,2,4.0,0.0,1.0,4.0,4.0,0.0,0.0,0.0,0.0,0.0,0.0,0.0,0.0,0.0,0.0,0.0,0.0,-0.1,,,kelletr01
Scott Kingery,26.0,us US,R,R,"5' 10""",180.0,Apr 29 1994,3,36.0,34.0,36.0,36.0,0.0,0.0,0.0,29.0,0.0,1.0,0.0,9.0,0.0,9.0,0.0,0.0,2.0,-0.9,"$1,750,000 ",,kingesc01
Andrew Knapp,28.0,us US,B,R,"6' 1""",189.0,Nov 9 1991,4,33.0,23.0,33.0,30.0,0.0,29.0,1.0,0.0,0.0,0.0,0.0,0.0,0.0,0.0,2.0,5.0,0.0,0.8,"$710,000 ",,knappan01
Mauricio Llovera,24.0,ve VE,R,R,"5' 11""",224.0,Apr 17 1996,1st,1.0,0.0,0.0,1.0,1.0,0.0,0.0,0.0,0.0,0.0,0.0,0.0,0.0,0.0,0.0,0.0,0.0,-0.1,,,llovema01
Rafael Marchán,21.0,ve VE,B,R,"5' 9""",170.0,Feb 25 1999,1st,3.0,3.0,3.0,3.0,0.0,3.0,0.0,0.0,0.0,0.0,0.0,0.0,0.0,0.0,0.0,0.0,0.0,0.2,,,marchra01
Reggie McClain,27.0,us US,R,R,"6' 2""",180.0,Nov 16 1992,2,5.0,0.0,0.0,5.0,5.0,0.0,0.0,0.0,0.0,0.0,0.0,0.0,0.0,0.0,0.0,0.0,0.0,-0.2,,,mcclare01
Andrew McCutchen,33.0,us US,R,R,"5' 10""",190.0,Oct 10 1986,12,57.0,52.0,57.0,39.0,0.0,0.0,0.0,0.0,0.0,0.0,39.0,0.0,0.0,39.0,16.0,4.0,0.0,-0.1,"$17,000,000 ",,mccutan01
Adonis Medina,23.0,do DO,R,R,"6' 1""",187.0,Dec 18 1996,1st,1.0,1.0,0.0,1.0,1.0,0.0,0.0,0.0,0.0,0.0,0.0,0.0,0.0,0.0,0.0,0.0,0.0,0.1,,,medinad01
Mickey Moniak,22.0,us US,L,R,"6' 2""",195.0,May 13 1998,1st,8.0,4.0,8.0,6.0,0.0,0.0,0.0,0.0,0.0,0.0,5.0,0.0,1.0,6.0,1.0,1.0,2.0,0.1,,,moniami01
Adam Morgan,30.0,us US,L,L,"6' 1""",200.0,Feb 27 1990,6,17.0,0.0,0.0,17.0,17.0,0.0,0.0,0.0,0.0,0.0,0.0,0.0,0.0,0.0,0.0,0.0,0.0,0.1,"$1,575,000 ",,morgaad01
Héctor Neris,31.0,do DO,R,R,"6' 2""",227.0,Jun 14 1989,7,24.0,0.0,1.0,24.0,24.0,0.0,0.0,0.0,0.0,0.0,0.0,0.0,0.0,0.0,0.0,0.0,0.0,-0.1,"$4,600,000 ",,nerishe01
Aaron Nola,27.0,us US,R,R,"6' 2""",200.0,Jun 4 1993,6,12.0,12.0,1.0,12.0,12.0,0.0,0.0,0.0,0.0,0.0,0.0,0.0,0.0,0.0,0.0,0.0,0.0,2.2,"$8,500,000 ",,nolaaa01
Blake Parker,35.0,us US,R,R,"6' 3""",225.0,Jun 19 1985,8,14.0,1.0,1.0,14.0,14.0,0.0,0.0,0.0,0.0,0.0,0.0,0.0,0.0,0.0,0.0,0.0,0.0,0.6,,,parkebl01
David Phelps,33.0,us US,R,R,"6' 2""",200.0,Oct 9 1986,8,10.0,0.0,0.0,10.0,10.0,0.0,0.0,0.0,0.0,0.0,0.0,0.0,0.0,0.0,0.0,0.0,0.0,-0.6,,,phelpda01
Nick Pivetta,27.0,ca CA,R,R,"6' 5""",210.0,Feb 14 1993,4,3.0,0.0,0.0,3.0,3.0,0.0,0.0,0.0,0.0,0.0,0.0,0.0,0.0,0.0,0.0,0.0,0.0,-0.3,,,pivetni01
Roman Quinn,27.0,us US,B,R,"5' 10""",175.0,May 14 1993,4,41.0,30.0,41.0,39.0,0.0,0.0,0.0,0.0,0.0,0.0,0.0,37.0,2.0,39.0,0.0,4.0,0.0,0.0,,,quinnro01
J.T. Realmuto,29.0,us US,R,R,"6' 1""",212.0,Mar 18 1991,7,47.0,45.0,47.0,38.0,0.0,36.0,6.0,0.0,0.0,0.0,0.0,0.0,0.0,0.0,9.0,2.0,0.0,1.3,"$10,000,000 ",,realmjt01
JoJo Romero,23.0,us US,L,L,"5' 11""",200.0,Sep 9 1996,1st,12.0,0.0,0.0,12.0,12.0,0.0,0.0,0.0,0.0,0.0,0.0,0.0,0.0,0.0,0.0,0.0,0.0,-0.3,,,romerjo01
Ramón Rosso,24.0,do DO,R,R,"6' 4""",240.0,Jun 9 1996,1st,7.0,1.0,0.0,7.0,7.0,0.0,0.0,0.0,0.0,0.0,0.0,0.0,0.0,0.0,0.0,0.0,0.0,0.0,,,rossora01
Jean Segura,30.0,do DO,R,R,"5' 10""",220.0,Mar 17 1990,9,54.0,54.0,54.0,53.0,0.0,0.0,0.0,32.0,24.0,4.0,0.0,0.0,0.0,0.0,1.0,0.0,0.0,1.2,"$14,850,000 ",,segurje01
Ranger Suárez,24.0,ve VE,L,L,"6' 1""",217.0,Aug 26 1995,3,3.0,0.0,0.0,3.0,3.0,0.0,0.0,0.0,0.0,0.0,0.0,0.0,0.0,0.0,0.0,0.0,0.0,-0.4,,,suarera01
Ronald Torreyes,27.0,ve VE,R,R,"5' 8""",155.0,Sep 2 1992,6,4.0,3.0,4.0,4.0,0.0,0.0,0.0,1.0,0.0,2.0,0.0,1.0,0.0,1.0,0.0,0.0,0.0,-0.1,,,torrero01
Vince Velasquez,28.0,us US,R,R,"6' 3""",210.0,Jun 7 1992,6,9.0,7.0,0.0,9.0,9.0,0.0,0.0,0.0,0.0,0.0,0.0,0.0,0.0,0.0,0.0,0.0,0.0,0.4,"$3,600,000 ",,velasvi01
Neil Walker,34.0,us US,B,R,"6' 2""",214.0,Sep 10 1985,12,18.0,10.0,18.0,14.0,1.0,0.0,3.0,9.0,2.0,0.0,1.0,0.0,0.0,1.0,4.0,4.0,1.0,-0.1,"$100,000 ",,walkene01
Zack Wheeler,30.0,us US,L,R,"6' 4""",195.0,May 30 1990,6,11.0,11.0,0.0,11.0,11.0,0.0,0.0,0.0,0.0,0.0,0.0,0.0,0.0,0.0,0.0,0.0,0.0,2.8,"$21,500,000 ",,wheelza01
Brandon Workman,31.0,us US,R,R,"6' 5""",235.0,Aug 13 1988,6,14.0,0.0,0.0,14.0,14.0,0.0,0.0,0.0,0.0,0.0,0.0,0.0,0.0,0.0,0.0,0.0,0.0,-0.2,,,workmbr01
Jesús Aguilar,30.0,ve VE,R,R,"6' 3""",277.0,Jun 30 1990,7,51.0,50.0,51.0,31.0,0.0,0.0,31.0,0.0,1.0,0.0,0.0,0.0,0.0,0.0,20.0,1.0,0.0,0.6,"$2,575,000 ",,aguilje01
Sandy Alcántara,24.0,do DO,R,R,"6' 5""",200.0,Sep 7 1995,4,7.0,7.0,0.0,7.0,7.0,0.0,0.0,0.0,0.0,0.0,0.0,0.0,0.0,0.0,0.0,0.0,0.0,0.8,,,alcansa01
Jorge Alfaro,27.0,co CO,R,R,"6' 2""",249.0,Jun 11 1993,5,31.0,27.0,31.0,29.0,0.0,29.0,0.0,0.0,0.0,0.0,0.0,0.0,1.0,1.0,1.0,1.0,0.0,-0.4,,,alfarjo01
Eddy Alvarez,30.0,us US,B,R,"5' 8""",178.0,Jan 30 1990,1st,12.0,10.0,12.0,12.0,0.0,0.0,0.0,9.0,3.0,1.0,0.0,0.0,0.0,0.0,0.0,2.0,0.0,-0.2,,,alvared01
Brian Anderson,27.0,us US,R,R,"6' 2""",215.0,May 19 1993,4,59.0,57.0,59.0,58.0,0.0,0.0,1.0,1.0,56.0,0.0,0.0,0.0,0.0,0.0,1.0,1.0,0.0,1.8,,,anderbr06
Jon Berti,30.0,us US,R,R,"5' 10""",190.0,Jan 22 1990,3,39.0,35.0,39.0,39.0,0.0,0.0,0.0,21.0,5.0,2.0,0.0,9.0,7.0,16.0,0.0,2.0,1.0,0.9,,,bertijo01
Richard Bleier,33.0,us US,L,L,"6' 3""",234.0,Apr 16 1987,5,19.0,0.0,0.0,19.0,19.0,0.0,0.0,0.0,0.0,0.0,0.0,0.0,0.0,0.0,0.0,0.0,0.0,0.2,,,bleieri01
Brad Boxberger,32.0,us US,R,R,"5' 10""",211.0,May 27 1988,9,23.0,0.0,0.0,23.0,23.0,0.0,0.0,0.0,0.0,0.0,0.0,0.0,0.0,0.0,0.0,0.0,0.0,0.5,"$100,000 ",,boxbebr01
Jeff Brigham,28.0,us US,R,R,"6' 0""",195.0,Feb 16 1992,3,1.0,0.0,0.0,1.0,1.0,0.0,0.0,0.0,0.0,0.0,0.0,0.0,0.0,0.0,0.0,0.0,0.0,-0.1,,,brighje01
Lewis Brinson,26.0,us US,R,R,"6' 5""",212.0,May 8 1994,4,47.0,28.0,47.0,46.0,0.0,0.0,0.0,0.0,0.0,0.0,21.0,7.0,31.0,46.0,0.0,10.0,2.0,0.1,,,brinsle01
Daniel Castano,25.0,us US,L,L,"6' 3""",231.0,Sep 17 1994,1st,7.0,6.0,0.0,7.0,7.0,0.0,0.0,0.0,0.0,0.0,0.0,0.0,0.0,0.0,0.0,0.0,0.0,0.9,,,castada01
Francisco Cervelli,34.0,ve VE,R,R,"6' 0""",220.0,Mar 6 1986,13,16.0,16.0,16.0,16.0,0.0,16.0,0.0,0.0,0.0,0.0,0.0,0.0,0.0,0.0,0.0,0.0,0.0,0.8,"$2,000,000 ",,cervefr01
Jazz Chisholm Jr.,22.0,bs BS,L,R,"5' 11""",184.0,Feb 1 1998,1st,21.0,17.0,21.0,20.0,0.0,0.0,0.0,13.0,0.0,9.0,0.0,0.0,0.0,0.0,0.0,1.0,1.0,-0.1,,,chishja01
Garrett Cooper,29.0,us US,R,R,"6' 5""",235.0,Dec 25 1990,4,34.0,33.0,34.0,15.0,0.0,0.0,15.0,0.0,0.0,0.0,0.0,0.0,0.0,0.0,18.0,1.0,0.0,0.5,,,coopega03
Isan Díaz,24.0,pr PR,L,R,"5' 10""",201.0,May 27 1996,2,7.0,6.0,7.0,7.0,0.0,0.0,0.0,7.0,0.0,0.0,0.0,0.0,0.0,0.0,0.0,0.0,0.0,-0.3,,,diazis01
Lewin Díaz,23.0,do DO,L,L,"6' 2""",225.0,Nov 19 1996,1st,14.0,11.0,14.0,11.0,0.0,0.0,11.0,0.0,0.0,0.0,0.0,0.0,0.0,0.0,1.0,2.0,0.0,-0.3,,,diazle01
Corey Dickerson,31.0,us US,L,R,"6' 1""",212.0,May 22 1989,8,52.0,51.0,52.0,46.0,0.0,0.0,0.0,0.0,0.0,0.0,46.0,0.0,1.0,46.0,6.0,1.0,0.0,0.2,"$8,750,000 ",,dickeco01
Robert Dugger,24.0,us US,R,R,"6' 0""",198.0,Jul 3 1995,2,4.0,1.0,0.0,4.0,4.0,0.0,0.0,0.0,0.0,0.0,0.0,0.0,0.0,0.0,0.0,0.0,0.0,-0.5,,,duggero01
Brett Eibner,31.0,us US,R,R,"6' 4""",215.0,Dec 2 1988,3,3.0,0.0,0.0,3.0,3.0,0.0,0.0,0.0,0.0,0.0,0.0,0.0,0.0,0.0,0.0,0.0,0.0,-0.2,,,eibnebr01
Logan Forsythe,33.0,us US,R,R,"6' 1""",195.0,Jan 14 1987,10,13.0,11.0,12.0,11.0,1.0,0.0,4.0,6.0,0.0,0.0,0.0,0.0,0.0,0.0,2.0,0.0,0.0,-0.3,,,forsylo01
Yimi García,29.0,do DO,R,R,"6' 1""",230.0,Aug 18 1990,6,14.0,0.0,0.0,14.0,14.0,0.0,0.0,0.0,0.0,0.0,0.0,0.0,0.0,0.0,0.0,0.0,0.0,0.9,,,garciyi01
Braxton Garrett,22.0,us US,L,L,"6' 2""",202.0,Aug 5 1997,1st,2.0,2.0,0.0,2.0,2.0,0.0,0.0,0.0,0.0,0.0,0.0,0.0,0.0,0.0,0.0,0.0,0.0,0.0,,,garrebr01
Jorge Guzmán,24.0,do DO,R,R,"6' 1""",246.0,Jan 28 1996,1st,1.0,0.0,0.0,1.0,1.0,0.0,0.0,0.0,0.0,0.0,0.0,0.0,0.0,0.0,0.0,0.0,0.0,-0.1,,,guzmajo04
Monte Harrison,24.0,us US,R,R,"6' 1""",218.0,Aug 10 1995,1st,32.0,12.0,32.0,28.0,0.0,0.0,0.0,0.0,0.0,0.0,0.0,16.0,13.0,28.0,0.0,2.0,9.0,-0.2,,,harrimo01
Elieser Hernández,25.0,ve VE,R,R,"6' 1""",214.0,May 3 1995,3,6.0,6.0,0.0,6.0,6.0,0.0,0.0,0.0,0.0,0.0,0.0,0.0,0.0,0.0,0.0,0.0,0.0,0.8,,,hernael01
Jordan Holloway,24.0,us US,R,R,"6' 6""",230.0,Jun 13 1996,1st,1.0,0.0,0.0,1.0,1.0,0.0,0.0,0.0,0.0,0.0,0.0,0.0,0.0,0.0,0.0,0.0,0.0,0.0,,,hollojo01
James Hoyt,33.0,us US,R,R,"6' 6""",230.0,Sep 30 1986,5,24.0,0.0,0.0,24.0,24.0,0.0,0.0,0.0,0.0,0.0,0.0,0.0,0.0,0.0,0.0,0.0,0.0,0.8,,,hoytja01
Matt Joyce,35.0,us US,L,R,"6' 2""",194.0,Aug 3 1984,13,46.0,37.0,46.0,36.0,0.0,0.0,0.0,0.0,0.0,0.0,15.0,0.0,27.0,36.0,10.0,8.0,0.0,-0.4,"$100,000 ",,joycema01
Brandon Kintzler,35.0,us US,R,R,"5' 10""",200.0,Aug 1 1984,11,24.0,0.0,0.0,24.0,24.0,0.0,0.0,0.0,0.0,0.0,0.0,0.0,0.0,0.0,0.0,0.0,0.0,1.3,"$3,000,000 ",,kintzbr01
Ryan Lavarnway,32.0,us US,R,R,"6' 3""",239.0,Aug 7 1987,9,5.0,3.0,5.0,5.0,0.0,5.0,0.0,0.0,0.0,0.0,0.0,0.0,0.0,0.0,0.0,0.0,0.0,0.0,,,lavarry01
Brandon Leibrandt,27.0,us US,L,L,"6' 4""",190.0,Dec 13 1992,1st,5.0,0.0,0.0,5.0,5.0,0.0,0.0,0.0,0.0,0.0,0.0,0.0,0.0,0.0,0.0,0.0,0.0,0.2,,,leibrbr01
Pablo López,24.0,ve VE,L,R,"6' 4""",225.0,Mar 7 1996,3,11.0,11.0,0.0,11.0,11.0,0.0,0.0,0.0,0.0,0.0,0.0,0.0,0.0,0.0,0.0,0.0,0.0,1.4,,,lopezpa01
Starling Marte,31.0,do DO,R,R,"6' 1""",195.0,Oct 9 1988,9,28.0,27.0,28.0,28.0,0.0,0.0,0.0,0.0,0.0,0.0,0.0,28.0,0.0,28.0,0.0,1.0,0.0,0.5,"$11,500,000 ",,martest01
Humberto Mejía,23.0,pa PA,R,R,"6' 4""",244.0,Mar 3 1997,1st,3.0,3.0,0.0,3.0,3.0,0.0,0.0,0.0,0.0,0.0,0.0,0.0,0.0,0.0,0.0,0.0,0.0,-0.1,,,mejiahu01
Brian Moran,31.0,us US,L,L,"6' 4""",225.0,Sep 30 1988,2,5.0,0.0,0.0,5.0,5.0,0.0,0.0,0.0,0.0,0.0,0.0,0.0,0.0,0.0,0.0,0.0,0.0,-0.3,,,moranbr01
Mike Morin,29.0,us US,R,R,"6' 4""",220.0,May 3 1991,7,3.0,0.0,0.0,3.0,3.0,0.0,0.0,0.0,0.0,0.0,0.0,0.0,0.0,0.0,0.0,0.0,0.0,0.3,,,morinmi01
Brian Navarreto,25.0,pr PR,R,R,"6' 2""",233.0,Dec 29 1994,1st,2.0,2.0,2.0,2.0,0.0,2.0,0.0,0.0,0.0,0.0,0.0,0.0,0.0,0.0,0.0,0.0,0.0,0.0,,,navarbr01
Nick Neidert,23.0,us US,R,R,"6' 1""",202.0,Nov 20 1996,1st,4.0,0.0,0.0,4.0,4.0,0.0,0.0,0.0,0.0,0.0,0.0,0.0,0.0,0.0,0.0,0.0,0.0,0.0,,,neideni01
Johan Quezada,25.0,do DO,R,R,"6' 9""",255.0,Aug 25 1994,1st,3.0,0.0,0.0,3.0,3.0,0.0,0.0,0.0,0.0,0.0,0.0,0.0,0.0,0.0,0.0,0.0,0.0,-0.1,,,quezajo01
Harold Ramírez,25.0,co CO,R,R,"5' 10""",232.0,Sep 6 1994,2,3.0,3.0,3.0,3.0,0.0,0.0,0.0,0.0,0.0,0.0,1.0,0.0,2.0,3.0,0.0,0.0,0.0,-0.1,,,ramirha02
Sean Rodríguez,35.0,us US,R,R,"6' 0""",199.0,Apr 26 1985,13,4.0,3.0,4.0,4.0,0.0,0.0,0.0,3.0,0.0,0.0,1.0,0.0,0.0,1.0,0.0,0.0,0.0,-0.3,"$100,000 ",,rodrise01
Trevor Rogers,22.0,us US,L,L,"6' 5""",217.0,Nov 13 1997,1st,7.0,7.0,0.0,7.0,7.0,0.0,0.0,0.0,0.0,0.0,0.0,0.0,0.0,0.0,0.0,0.0,0.0,-0.1,,,rogertr01
Miguel Rojas,31.0,ve VE,R,R,"6' 0""",188.0,Feb 24 1989,7,40.0,38.0,40.0,40.0,0.0,0.0,1.0,0.0,1.0,39.0,0.0,0.0,0.0,0.0,0.0,1.0,0.0,1.5,"$4,750,000 ",,rojasmi02
Jesús Sánchez,22.0,do DO,L,R,"6' 3""",222.0,Oct 7 1997,1st,10.0,8.0,10.0,10.0,0.0,0.0,0.0,0.0,0.0,0.0,0.0,0.0,10.0,10.0,0.0,1.0,0.0,-0.5,,,sanchje02
Sixto Sánchez,21.0,do DO,R,R,"6' 0""",234.0,Jul 29 1998,1st,7.0,7.0,0.0,7.0,7.0,0.0,0.0,0.0,0.0,0.0,0.0,0.0,0.0,0.0,0.0,0.0,0.0,1.5,,,sanchsi01
Justin Shafer,27.0,us US,R,R,"6' 2""",205.0,Sep 18 1992,3,5.0,0.0,0.0,5.0,5.0,0.0,0.0,0.0,0.0,0.0,0.0,0.0,0.0,0.0,0.0,0.0,0.0,-0.4,,,shafeju01
Sterling Sharp,25.0,us US,R,R,"6' 3""",182.0,May 30 1995,1st,4.0,0.0,0.0,4.0,4.0,0.0,0.0,0.0,0.0,0.0,0.0,0.0,0.0,0.0,0.0,0.0,0.0,-0.3,,,sharpst01
Magneuris Sierra,24.0,do DO,L,L,"5' 11""",178.0,Apr 7 1996,4,19.0,13.0,19.0,17.0,0.0,0.0,0.0,0.0,0.0,0.0,5.0,11.0,4.0,17.0,1.0,0.0,2.0,0.4,,,sierrma01
Caleb Smith,28.0,us US,R,L,"6' 0""",207.0,Jul 28 1991,4,1.0,1.0,0.0,1.0,1.0,0.0,0.0,0.0,0.0,0.0,0.0,0.0,0.0,0.0,0.0,0.0,0.0,0.1,,,smithca03
Josh A. Smith,32.0,us US,R,R,"6' 2""",210.0,Aug 7 1987,5,16.0,1.0,0.0,16.0,16.0,0.0,0.0,0.0,0.0,0.0,0.0,0.0,0.0,0.0,0.0,0.0,0.0,-0.3,,,smithjo07
Josh D. Smith,30.0,us US,L,L,"6' 3""",200.0,Oct 11 1989,2,2.0,0.0,0.0,2.0,2.0,0.0,0.0,0.0,0.0,0.0,0.0,0.0,0.0,0.0,0.0,0.0,0.0,-0.1,,,smithjo08
Ryne Stanek,28.0,us US,R,R,"6' 4""",226.0,Jul 26 1991,4,9.0,0.0,0.0,9.0,9.0,0.0,0.0,0.0,0.0,0.0,0.0,0.0,0.0,0.0,0.0,0.0,0.0,-0.1,,,stanery01
Stephen Tarpley,27.0,us US,R,L,"6' 0""",202.0,Feb 17 1993,3,12.0,0.0,0.0,12.0,12.0,0.0,0.0,0.0,0.0,0.0,0.0,0.0,0.0,0.0,0.0,0.0,0.0,-0.5,,,tarplst01
Jesús Tinoco,25.0,ve VE,R,R,"6' 4""",258.0,Apr 30 1995,2,3.0,0.0,0.0,3.0,3.0,0.0,0.0,0.0,0.0,0.0,0.0,0.0,0.0,0.0,0.0,0.0,0.0,0.2,,,tinocje01
José Ureña,28.0,do DO,R,R,"6' 2""",208.0,Sep 12 1991,6,5.0,5.0,0.0,5.0,5.0,0.0,0.0,0.0,0.0,0.0,0.0,0.0,0.0,0.0,0.0,0.0,0.0,0.3,"$3,750,000 ",,urenajo01
Pat Venditte,35.0,us US,L,L,"6' 0""",186.0,Jun 30 1985,5,3.0,0.0,0.0,3.0,3.0,0.0,0.0,0.0,0.0,0.0,0.0,0.0,0.0,0.0,0.0,0.0,0.0,0.2,,,vendipa01
Alex Vesia,24.0,us US,L,L,"6' 1""",209.0,Apr 11 1996,1st,5.0,0.0,0.0,5.0,5.0,0.0,0.0,0.0,0.0,0.0,0.0,0.0,0.0,0.0,0.0,0.0,0.0,-0.6,,,vesiaal01
Jonathan Villar,29.0,do DO,B,R,"6' 0""",233.0,May 2 1991,8,30.0,29.0,30.0,27.0,0.0,0.0,0.0,12.0,0.0,14.0,0.0,2.0,0.0,2.0,3.0,1.0,0.0,0.0,"$8,200,000 ",,villajo01
Nick Vincent,33.0,us US,R,R,"5' 10""",185.0,Jul 12 1986,9,21.0,0.0,0.0,21.0,21.0,0.0,0.0,0.0,0.0,0.0,0.0,0.0,0.0,0.0,0.0,0.0,0.0,0.4,,,vinceni01
Chad Wallach,28.0,us US,R,R,"6' 2""",246.0,Nov 4 1991,4,15.0,13.0,15.0,15.0,0.0,15.0,0.0,0.0,0.0,0.0,0.0,0.0,0.0,0.0,0.0,1.0,0.0,0.2,,,wallach01
Jordan Yamamoto,24.0,us US,R,R,"5' 11""",201.0,May 11 1996,2,4.0,3.0,0.0,4.0,4.0,0.0,0.0,0.0,0.0,0.0,0.0,0.0,0.0,0.0,0.0,0.0,0.0,-1.1,,,yamamjo01
